,Value,Date
0,0.125,2017-03-02
1,-0.009,2017-03-03
2,-0.3832,2017-03-04
3,0.1771,2017-03-05
4,-0.1986,2017-03-06
5,0.2893,2017-03-07
6,-0.4378,2017-03-08
7,0.0678,2017-03-09
8,-0.7038,2017-03-10
9,-0.9453,2017-03-11
10,-0.5335,2017-03-12
11,-0.4738,2017-03-13
12,-0.0897,2017-03-14
13,-1.6232,2017-03-15
14,-1.1977,2017-03-16
15,-1.0435,2017-03-17
16,-0.3182,2017-03-18
17,-0.749,2017-03-19
18,-0.5583,2017-03-20
19,-0.5365,2017-03-21
20,-2.6667,2017-03-22
21,-2.1347,2017-03-23
22,-1.5619,2017-03-24
23,-1.6117,2017-03-25
24,-0.2767,2017-03-26
25,-0.561,2017-03-27
26,-0.306,2017-03-28
27,-0.1008,2017-03-29
28,0.4659,2017-03-30
29,0.365,2017-03-31
30,0.0743,2017-04-01
31,-0.7604,2017-04-02
32,-0.6108,2017-04-03
33,-0.4503,2017-04-04
34,0.0454,2017-04-05
35,0.457,2017-04-06
36,0.0889,2017-04-07
37,-1.2303,2017-04-08
38,-0.1553,2017-04-09
39,-0.1874,2017-04-10
40,-0.5865,2017-04-11
41,-0.276,2017-04-12
42,0.2069,2017-04-13
43,-0.6859,2017-04-14
44,-0.2654,2017-04-15
45,0.3797,2017-04-16
46,-1.7804,2017-04-17
47,-0.9849,2017-04-18
48,-1.5748,2017-04-19
49,0.2959,2017-04-20
50,-1.1659,2017-04-21
51,-1.7216,2017-04-22
52,-1.3955,2017-04-23
53,-3.8169,2017-04-24
54,-1.0397,2017-04-25
55,-0.4887,2017-04-26
56,-2.7152,2017-04-27
57,-0.332,2017-04-28
58,-0.5342,2017-04-29
59,-0.9495,2017-04-30
60,-0.145,2017-05-01
61,-0.1298,2017-05-02
62,0.3669,2017-05-03
63,-0.1701,2017-05-04
64,-0.0169,2017-05-05
65,-0.5505,2017-05-06
66,-0.8008,2017-05-07
67,-0.4469,2017-05-08
68,-1.6289,2017-05-09
69,-0.469,2017-05-10
70,0.2489,2017-05-11
71,-3.3634,2017-05-12
72,-4.0561,2017-05-13
73,-4.249,2017-05-14
74,-4.6417,2017-05-15
75,-5.0687,2017-05-16
76,-3.7267,2017-05-17
77,-2.65,2017-05-18
78,-3.8474,2017-05-19
79,-2.5111,2017-05-20
80,-1.5042,2017-05-21
81,-0.8565,2017-05-22
82,-1.0532,2017-05-23
83,-0.2798,2017-05-24
84,-0.9018,2017-05-25
85,-1.3107,2017-05-26
86,-2.3506,2017-05-27
87,0.0764,2017-05-28
88,-0.2688,2017-05-29
89,-0.9608,2017-05-30
90,-2.069,2017-05-31
91,-0.778,2017-06-01
92,-0.864,2017-06-02
93,-0.5646,2017-06-03
94,-0.1318,2017-06-04
95,-0.0688,2017-06-05
96,-0.2053,2017-06-06
97,-0.0024,2017-06-07
98,0.0362,2017-06-08
99,-0.3686,2017-06-09
100,-0.6245,2017-06-10
101,0.1323,2017-06-11
102,0.0037,2017-06-12
103,0.2389,2017-06-13
104,-0.6838,2017-06-14
105,-0.0209,2017-06-15
106,-0.4895,2017-06-16
107,-0.0922,2017-06-17
108,0.0375,2017-06-18
109,-0.6178,2017-06-19
110,-0.2432,2017-06-20
111,-0.059,2017-06-21
112,-0.6858,2017-06-22
113,-1.4777,2017-06-23
114,-1.1234,2017-06-24
115,-0.7478,2017-06-25
116,-0.4072,2017-06-26
117,-3.4229,2017-06-27
118,-3.8186,2017-06-28
119,-2.9945,2017-06-29
120,-3.4466,2017-06-30
121,-1.1942,2017-07-01
122,-0.847,2017-07-02
123,-0.7588,2017-07-03
124,-0.4614,2017-07-04
125,-3.6083,2017-07-05
126,-2.6162,2017-07-06
127,-0.6422,2017-07-07
128,-0.3049,2017-07-08
129,-2.0426,2017-07-09
130,-1.8526,2017-07-10
131,-3.51,2017-07-11
132,-0.281,2017-07-12
133,-0.075,2017-07-13
134,-0.6018,2017-07-14
135,-1.0911,2017-07-15
136,-0.8793,2017-07-16
137,-0.4426,2017-07-17
138,-0.7731,2017-07-18
139,-0.007,2017-07-19
140,-1.9712,2017-07-20
141,-1.0815,2017-07-21
142,-0.4945,2017-07-22
143,-0.6172,2017-07-23
144,-1.2303,2017-07-24
145,-0.2542,2017-07-25
146,-1.3253,2017-07-26
147,-2.0448,2017-07-27
148,-2.5466,2017-07-28
149,-1.07,2017-07-29
150,-0.8273,2017-07-30
151,-0.5794,2017-07-31
152,-0.5138,2017-08-01
153,-0.2778,2017-08-02
154,-1.3751,2017-08-03
155,-1.8751,2017-08-04
156,-1.7597,2017-08-05
157,-1.525,2017-08-06
158,-1.2058,2017-08-07
159,-3.7309,2017-08-08
160,-0.819,2017-08-09
161,-0.0575,2017-08-10
162,-1.062,2017-08-11
163,-1.5175,2017-08-12
164,-0.8799,2017-08-13
165,-0.7023,2017-08-14
166,-0.9942,2017-08-15
167,-0.4149,2017-08-16
168,-0.7306,2017-08-17
169,-0.4703,2017-08-18
170,-0.8883,2017-08-19
171,-0.2235,2017-08-20
172,-0.3296,2017-08-21
173,-0.242,2017-08-22
174,-0.003,2017-08-23
175,-0.4897,2017-08-24
176,-0.9948,2017-08-25
177,-0.8601,2017-08-26
178,0.2263,2017-08-27
179,0.4288,2017-08-28
180,-0.0009,2017-08-29
181,0.0645,2017-08-30
182,-0.3269,2017-08-31
183,-0.0562,2017-09-01
184,-0.4476,2017-09-02
185,-0.1262,2017-09-03
186,-0.8271,2017-09-04
187,-1.1802,2017-09-05
188,-0.0432,2017-09-06
189,-0.1073,2017-09-07
190,-0.7396,2017-09-08
191,-0.6363,2017-09-09
192,-0.3766,2017-09-10
193,-0.7395,2017-09-11
194,-1.383,2017-09-12
195,-1.2704,2017-09-13
196,-1.1582,2017-09-14
197,-1.4285,2017-09-15
198,-0.8659,2017-09-16
199,-0.0285,2017-09-17
200,-0.7306,2017-09-18
201,-1.5499,2017-09-19
202,-0.6956,2017-09-20
203,-0.1449,2017-09-21
204,-0.85,2017-09-22
205,-0.4037,2017-09-23
206,0.4498,2017-09-24
207,-0.754,2017-09-25
208,-0.0818,2017-09-26
209,-0.2932,2017-09-27
210,-0.1269,2017-09-28
211,-2.4645,2017-09-29
212,-1.2111,2017-09-30
213,-1.2626,2017-10-01
214,-0.493,2017-10-02
215,0.0613,2017-10-03
216,-1.9394,2017-10-04
217,-0.4069,2017-10-05
218,0.8138,2017-10-06
219,-0.4915,2017-10-07
220,-0.1307,2017-10-08
221,-0.3339,2017-10-09
222,-0.5753,2017-10-10
223,-0.8759,2017-10-11
224,-0.4611,2017-10-12
225,-0.3267,2017-10-13
226,-0.0584,2017-10-14
227,-0.5274,2017-10-15
228,-0.2824,2017-10-16
229,-1.0804,2017-10-17
230,-0.7361,2017-10-18
231,-1.0918,2017-10-19
232,-0.6859,2017-10-20
233,-0.9291,2017-10-21
234,-0.533,2017-10-22
235,-0.3628,2017-10-23
236,-0.0927,2017-10-24
237,-0.4246,2017-10-25
238,0.1319,2017-10-26
239,-0.1,2017-10-27
240,0.0693,2017-10-28
241,-0.3782,2017-10-29
242,-0.486,2017-10-30
243,-0.4387,2017-10-31
244,-0.3101,2017-11-01
245,-0.6048,2017-11-02
246,-0.8058,2017-11-03
247,-2.3534,2017-11-04
248,-0.8349,2017-11-05
249,-0.3468,2017-11-06
250,-0.0685,2017-11-07
251,-0.6736,2017-11-08
252,-0.5267,2017-11-09
253,-0.3918,2017-11-10
254,-0.5867,2017-11-11
255,-0.6633,2017-11-12
256,-1.2978,2017-11-13
257,-0.525,2017-11-14
258,-0.6141,2017-11-15
259,-0.1528,2017-11-16
260,-0.4782,2017-11-17
261,-0.5285,2017-11-18
262,-0.0984,2017-11-19
263,-0.041,2017-11-20
264,-3.4597,2017-11-21
265,-1.4237,2017-11-22
266,0.0894,2017-11-23
267,-0.22,2017-11-24
268,-0.1033,2017-11-25
269,-0.0837,2017-11-26
270,-0.656,2017-11-27
271,-0.3818,2017-11-28
272,-0.8397,2017-11-29
273,-0.8412,2017-11-30
274,-0.5931,2017-12-01
275,-0.5931,2017-12-02
276,-0.5931,2017-12-03
277,-1.2409,2017-12-04
278,-0.4848,2017-12-05
279,-1.3238,2017-12-06
280,-1.5172,2017-12-07
281,-0.9695,2017-12-08
282,-0.2099,2017-12-09
283,-0.6217,2017-12-10
284,-0.865,2017-12-11
285,-0.6091,2017-12-12
286,-1.3471,2017-12-13
287,-0.8834,2017-12-14
288,-1.936,2017-12-15
289,-1.076,2017-12-16
290,-0.5726,2017-12-17
291,-0.5986,2017-12-18
292,-1.9421,2017-12-19
293,-1.2384,2017-12-20
294,-0.6561,2017-12-21
295,-1.1141,2017-12-22
296,-1.4024,2017-12-23
297,-1.1893,2017-12-24
298,-0.6494,2017-12-25
299,-0.7486,2017-12-26
300,-0.6324,2017-12-27
301,-1.1375,2017-12-28
302,-1.3585,2017-12-29
303,-1.3361,2017-12-30
304,-0.8035,2017-12-31
305,-0.9533,2018-01-01
306,-0.7069,2018-01-02
307,-0.5379,2018-01-03
308,-0.7041,2018-01-04
309,-0.6998,2018-01-05
310,-0.7385,2018-01-06
311,-1.0306,2018-01-07
312,-0.6027,2018-01-08
313,-0.6916,2018-01-09
314,-0.3721,2018-01-10
315,-1.4309,2018-01-11
316,-0.981,2018-01-12
317,-1.1525,2018-01-13
318,-0.4068,2018-01-14
319,-0.8509,2018-01-15
320,-1.1962,2018-01-16
321,-1.2064,2018-01-17
322,-1.3859,2018-01-18
323,-0.8902,2018-01-19
324,-1.1331,2018-01-20
325,-0.3889,2018-01-21
326,-0.3405,2018-01-22
327,-0.8932,2018-01-23
328,-0.2469,2018-01-24
329,-0.3973,2018-01-25
330,-0.5934,2018-01-26
331,-1.5711,2018-01-27
332,-1.0075,2018-01-28
333,-1.4028,2018-01-29
334,-0.8523,2018-01-30
335,-1.1402,2018-01-31
336,-0.8642,2018-02-01
337,-0.8367,2018-02-02
338,-0.6583,2018-02-03
339,-0.2946,2018-02-04
340,-1.8593,2018-02-05
341,-1.7133,2018-02-06
342,-0.9839,2018-02-07
343,-0.7464,2018-02-08
344,-0.8166,2018-02-09
345,-1.1113,2018-02-10
346,-1.1058,2018-02-11
347,-1.185,2018-02-12
348,-0.7485,2018-02-13
349,-0.2073,2018-02-14
350,-0.8064,2018-02-15
351,-1.0502,2018-02-16
352,-2.7906,2018-02-17
353,-0.4099,2018-02-18
354,-0.2531,2018-02-19
355,-1.0007,2018-02-20
356,-0.8778,2018-02-21
357,-0.456,2018-02-22
358,-0.791,2018-02-23
359,-1.0104,2018-02-24
360,-0.5307,2018-02-25
361,-0.1237,2018-02-26
362,-0.5282,2018-02-27
363,-0.5796,2018-02-28
364,-0.7647,2018-03-01
365,-0.9154,2018-03-02
366,-0.6481,2018-03-03
367,-0.3706,2018-03-04
368,-0.3845,2018-03-05
369,-0.7948,2018-03-06
370,-0.5728,2018-03-07
371,-0.9283,2018-03-08
372,-0.4597,2018-03-09
373,-0.1827,2018-03-10
374,0.3442,2018-03-11
375,-0.7586,2018-03-12
376,-0.4787,2018-03-13
377,-0.8298,2018-03-14
378,-1.0092,2018-03-15
379,-0.3138,2018-03-16
380,-0.2729,2018-03-17
381,-0.1645,2018-03-18
382,-1.2309,2018-03-19
383,-1.06,2018-03-20
384,-0.5891,2018-03-21
385,-0.5332,2018-03-22
386,-0.9487,2018-03-23
387,-0.1027,2018-03-24
388,0.0813,2018-03-25
389,-0.9897,2018-03-26
390,-0.7111,2018-03-27
391,-0.5115,2018-03-28
392,-0.3571,2018-03-29
393,-0.681,2018-03-30
394,0.0372,2018-03-31
395,-0.4469,2018-04-01
396,-0.6238,2018-04-02
397,-0.9282,2018-04-03
398,-0.552,2018-04-04
399,-0.6211,2018-04-05
400,-0.9677,2018-04-06
401,-0.612,2018-04-07
402,-0.1989,2018-04-08
403,-0.6243,2018-04-09
404,-1.4628,2018-04-10
405,-0.1947,2018-04-11
406,-0.449,2018-04-12
407,-0.9832,2018-04-13
408,-0.0641,2018-04-14
409,0.0098,2018-04-15
410,0.0525,2018-04-16
411,-0.5894,2018-04-17
412,-1.1149,2018-04-18
413,-0.6989,2018-04-19
414,-0.4877,2018-04-20
415,-0.0484,2018-04-21
416,-0.0414,2018-04-22
417,-0.9284,2018-04-23
418,-0.3445,2018-04-24
419,-0.1938,2018-04-25
420,-0.1203,2018-04-26
421,-0.1472,2018-04-27
422,0.0124,2018-04-28
423,0.3054,2018-04-29
424,0.1531,2018-04-30
425,-0.0344,2018-05-01
426,-0.2547,2018-05-02
427,0.3828,2018-05-03
428,-0.0851,2018-05-04
429,-0.2415,2018-05-05
430,0.1255,2018-05-06
431,-0.1751,2018-05-07
432,0.0141,2018-05-08
433,0.3148,2018-05-09
434,0.4249,2018-05-10
435,-0.2657,2018-05-11
436,-0.2651,2018-05-12
437,-0.0013,2018-05-13
438,-0.4001,2018-05-14
439,-0.129,2018-05-15
440,0.0657,2018-05-16
441,-0.2352,2018-05-17
442,-0.3479,2018-05-18
443,-0.0755,2018-05-19
444,0.1926,2018-05-20
445,0.0662,2018-05-21
446,-0.4529,2018-05-22
447,0.1128,2018-05-23
448,-0.2797,2018-05-24
449,-0.4182,2018-05-25
450,-0.655,2018-05-26
451,-0.1706,2018-05-27
452,-0.7402,2018-05-28
453,-0.3411,2018-05-29
454,-0.0866,2018-05-30
455,0.4662,2018-05-31
456,0.3836,2018-06-01
457,0.4681,2018-06-02
458,-0.2555,2018-06-03
459,-0.2462,2018-06-04
460,-0.2206,2018-06-05
461,0.2386,2018-06-06
462,-0.0505,2018-06-07
463,0.2052,2018-06-08
464,0.6732,2018-06-09
465,-0.355,2018-06-10
466,-0.9971,2018-06-11
467,0.1311,2018-06-12
468,-0.5331,2018-06-13
469,-0.1448,2018-06-14
470,0.3211,2018-06-15
471,0.5244,2018-06-16
472,0.3544,2018-06-17
473,-0.1819,2018-06-18
474,-0.0566,2018-06-19
475,-1.334,2018-06-20
476,-0.007,2018-06-21
477,-0.5643,2018-06-22
478,-0.2842,2018-06-23
479,-0.0918,2018-06-24
480,-0.2077,2018-06-25
481,0.0223,2018-06-26
482,-0.427,2018-06-27
483,-0.8579,2018-06-28
484,-1.0885,2018-06-29
485,-0.3626,2018-06-30
486,0.2535,2018-07-01
487,0.3053,2018-07-02
488,0.1988,2018-07-03
489,-0.6889,2018-07-04
490,0.1097,2018-07-05
491,-0.0572,2018-07-06
492,0.2725,2018-07-07
493,0.4967,2018-07-08
494,0.0518,2018-07-09
495,-0.1357,2018-07-10
496,0.1316,2018-07-11
497,0.0147,2018-07-12
498,-1.4859,2018-07-13
499,-2.6771,2018-07-14
500,-1.4307,2018-07-15
501,-1.6323,2018-07-16
502,-0.778,2018-07-17
503,-0.415,2018-07-18
504,-0.1607,2018-07-19
505,-0.4865,2018-07-20
506,-0.2909,2018-07-21
507,-0.1079,2018-07-22
508,-0.1836,2018-07-23
509,-0.1207,2018-07-24
510,-0.7249,2018-07-25
511,-1.4322,2018-07-26
512,-0.6437,2018-07-27
513,-0.8628,2018-07-28
514,-0.4085,2018-07-29
515,-1.1747,2018-07-30
516,-1.6075,2018-07-31
517,-0.7399,2018-08-01
518,-0.8699,2018-08-02
519,0.2999,2018-08-03
520,0.2687,2018-08-04
521,0.2751,2018-08-05
522,0.17,2018-08-06
523,0.1713,2018-08-07
524,-0.0227,2018-08-08
525,0.4284,2018-08-09
526,0.1554,2018-08-10
527,-0.2614,2018-08-11
528,0.3107,2018-08-12
529,-0.1325,2018-08-13
530,-0.2526,2018-08-14
531,-0.5098,2018-08-15
532,-0.1361,2018-08-16
533,-0.1724,2018-08-17
534,-0.9948,2018-08-18
535,-1.51,2018-08-19
536,-2.0737,2018-08-20
537,-1.7105,2018-08-21
538,-0.5245,2018-08-22
539,-0.8249,2018-08-23
540,-0.7892,2018-08-24
541,-0.5129,2018-08-25
542,-0.0559,2018-08-26
543,-0.56,2018-08-27
544,0.023,2018-08-28
545,-0.0104,2018-08-29
546,-0.2515,2018-08-30
547,0.1476,2018-08-31
548,0.2512,2018-09-01
549,0.1697,2018-09-02
550,0.2733,2018-09-03
551,0.0981,2018-09-04
552,-0.0887,2018-09-05
553,-0.6015,2018-09-06
554,-0.3338,2018-09-07
555,-1.6309,2018-09-08
556,-0.4544,2018-09-09
557,-0.063,2018-09-10
558,-0.1813,2018-09-11
559,-0.1499,2018-09-12
560,0.122,2018-09-13
561,-0.6,2018-09-14
562,-0.0793,2018-09-15
563,-0.4149,2018-09-16
564,0.0259,2018-09-17
565,-0.1835,2018-09-18
566,-1.111,2018-09-19
567,-1.6325,2018-09-20
568,-0.7137,2018-09-21
569,0.0053,2018-09-22
570,-0.0642,2018-09-23
571,0.2591,2018-09-24
572,0.0728,2018-09-25
573,-0.5506,2018-09-26
574,0.257,2018-09-27
575,0.1503,2018-09-28
576,0.1458,2018-09-29
577,-0.3546,2018-09-30
578,0.1975,2018-10-01
579,0.1866,2018-10-02
580,-0.4825,2018-10-03
581,-0.6947,2018-10-04
582,-0.1053,2018-10-05
583,-0.0607,2018-10-06
584,0.2199,2018-10-07
585,0.0762,2018-10-08
586,-0.1522,2018-10-09
587,0.0759,2018-10-10
588,-0.3813,2018-10-11
589,-0.3141,2018-10-12
590,0.0643,2018-10-13
591,-0.0576,2018-10-14
592,0.043,2018-10-15
593,0.1755,2018-10-16
594,0.3476,2018-10-17
595,-0.0592,2018-10-18
596,-0.9263,2018-10-19
597,-0.2394,2018-10-20
598,0.2156,2018-10-21
599,0.339,2018-10-22
600,0.0952,2018-10-23
601,0.079,2018-10-24
602,-0.2937,2018-10-25
603,-0.1171,2018-10-26
604,-0.1454,2018-10-27
605,0.4616,2018-10-28
606,-0.5198,2018-10-29
607,-0.472,2018-10-30
608,0.0772,2018-10-31
609,-0.0033,2018-11-01
610,-0.1091,2018-11-02
611,-0.141,2018-11-03
612,0.1869,2018-11-04
613,0.3076,2018-11-05
614,0.1069,2018-11-06
615,0.2087,2018-11-07
616,0.0927,2018-11-08
617,-1.1364,2018-11-09
618,-0.1439,2018-11-10
619,0.1031,2018-11-11
620,0.0308,2018-11-12
621,-0.8162,2018-11-13
622,-0.803,2018-11-14
623,-0.6193,2018-11-15
624,-1.4954,2018-11-16
625,-0.4148,2018-11-17
626,-0.1865,2018-11-18
627,-1.8025,2018-11-19
628,-1.3741,2018-11-20
629,-0.7864,2018-11-21
630,-0.3419,2018-11-22
631,-0.7627,2018-11-23
632,-0.0942,2018-11-24
633,-0.2916,2018-11-25
634,-0.5899,2018-11-26
635,-0.3946,2018-11-27
636,-1.8915,2018-11-28
637,-1.1742,2018-11-29
638,-0.6724,2018-11-30
639,-0.5093,2018-12-01
640,-0.0057,2018-12-02
641,-0.1319,2018-12-03
642,-0.0206,2018-12-04
643,-0.0504,2018-12-05
644,-0.3376,2018-12-06
645,-0.7833,2018-12-07
646,-0.0325,2018-12-08
647,0.1975,2018-12-09
648,0.0997,2018-12-10
649,0.0426,2018-12-11
650,-0.1772,2018-12-12
651,-2.5269,2018-12-13
652,-4.0434,2018-12-14
653,-1.3092,2018-12-15
654,-0.0681,2018-12-16
655,-0.5488,2018-12-17
656,-0.023,2018-12-18
657,-0.2235,2018-12-19
658,-0.1782,2018-12-20
659,-0.286,2018-12-21
660,-1.8482,2018-12-22
661,0.1674,2018-12-23
662,0.2338,2018-12-24
663,-0.1459,2018-12-25
664,-0.9565,2018-12-26
665,-1.1554,2018-12-27
666,-1.3956,2018-12-28
667,-1.0004,2018-12-29
668,-0.0013,2018-12-30
669,-0.0061,2018-12-31
670,-0.2119,2019-01-01
671,-0.3054,2019-01-02
672,-0.5433,2019-01-03
673,-0.3202,2019-01-04
674,-0.2747,2019-01-05
675,0.1303,2019-01-06
676,0.047,2019-01-07
677,-0.1426,2019-01-08
678,-0.8684,2019-01-09
679,-0.3055,2019-01-10
680,-0.4284,2019-01-11
681,-0.2894,2019-01-12
682,-0.2864,2019-01-13
683,-0.2371,2019-01-14
684,-0.0444,2019-01-15
685,-0.5239,2019-01-16
686,-0.4352,2019-01-17
687,-0.3011,2019-01-18
688,-0.8337,2019-01-19
689,0.2698,2019-01-20
690,-0.022,2019-01-21
691,0.1076,2019-01-22
692,-0.2278,2019-01-23
693,-0.1248,2019-01-24
694,-0.0339,2019-01-25
695,0.056,2019-01-26
696,0.0823,2019-01-27
697,-0.4625,2019-01-28
698,-0.4233,2019-01-29
699,-0.4309,2019-01-30
700,-0.0048,2019-01-31
701,-0.2563,2019-02-01
702,-0.1039,2019-02-02
703,0.053,2019-02-03
704,-0.9598,2019-02-04
705,-1.9802,2019-02-05
706,-0.8131,2019-02-06
707,-1.0003,2019-02-07
708,-0.5956,2019-02-08
709,0.0483,2019-02-09
710,-0.2186,2019-02-10
711,-0.2344,2019-02-11
712,-0.007,2019-02-12
713,-0.5319,2019-02-13
714,-0.4653,2019-02-14
715,-0.5546,2019-02-15
716,0.1658,2019-02-16
717,-0.1969,2019-02-17
718,0.2154,2019-02-18
719,-0.0726,2019-02-19
720,-0.0928,2019-02-20
721,-0.0484,2019-02-21
722,0.0117,2019-02-22
723,0.1997,2019-02-23
724,-0.2081,2019-02-24
725,-0.2826,2019-02-25
726,0.0891,2019-02-26
727,-0.0971,2019-02-27
728,-1.0055,2019-02-28
729,-0.2386,2019-03-01
730,-0.2945,2019-03-02
731,0.8098,2019-03-03
732,-0.1371,2019-03-04
733,-0.0489,2019-03-05
734,-0.1301,2019-03-06
735,0.0694,2019-03-07
736,-0.706,2019-03-08
737,-0.4575,2019-03-09
738,-0.0339,2019-03-10
739,-0.3592,2019-03-11
740,-0.3341,2019-03-12
741,-0.6811,2019-03-13
742,-0.2178,2019-03-14
743,-1.4878,2019-03-15
744,-0.975,2019-03-16
745,-0.9092,2019-03-17
746,0.0526,2019-03-18
747,-0.1926,2019-03-19
748,-0.0216,2019-03-20
749,0.3379,2019-03-21
750,0.3456,2019-03-22
751,0.2755,2019-03-23
752,0.3854,2019-03-24
753,0.2156,2019-03-25
754,0.0808,2019-03-26
755,0.1989,2019-03-27
756,0.1043,2019-03-28
757,-0.5462,2019-03-29
758,0.0995,2019-03-30
759,0.1361,2019-03-31
760,0.1986,2019-04-01
761,-0.056,2019-04-02
762,-0.2177,2019-04-03
763,-0.4652,2019-04-04
764,0.2157,2019-04-05
765,-0.0746,2019-04-06
766,0.2398,2019-04-07
767,0.2903,2019-04-08
768,-0.3639,2019-04-09
769,-0.3592,2019-04-10
770,0.3415,2019-04-11
771,0.1414,2019-04-12
772,0.2133,2019-04-13
773,0.3581,2019-04-14
774,0.2456,2019-04-15
775,-0.1262,2019-04-16
776,0.0256,2019-04-17
777,0.2329,2019-04-18
778,-0.3298,2019-04-19
779,-0.0342,2019-04-20
780,0.0185,2019-04-21
781,-0.3025,2019-04-22
782,-0.2349,2019-04-23
783,-0.1456,2019-04-24
784,0.0883,2019-04-25
785,-0.675,2019-04-26
786,0.018,2019-04-27
787,-0.0708,2019-04-28
788,0.1289,2019-04-29
789,-0.0233,2019-04-30
790,-0.6855,2019-05-01
791,-0.2561,2019-05-02
792,-2.0903,2019-05-03
793,-1.0415,2019-05-04
794,0.0929,2019-05-05
795,-0.0587,2019-05-06
796,-0.1456,2019-05-07
797,-2.1071,2019-05-08
798,-1.1544,2019-05-09
799,-0.5353,2019-05-10
800,-0.5623,2019-05-11
801,-0.0594,2019-05-12
802,-1.1152,2019-05-13
803,-1.4327,2019-05-14
804,-0.0545,2019-05-15
805,-2.2238,2019-05-16
806,-1.3222,2019-05-17
807,-0.0468,2019-05-18
808,-0.2544,2019-05-19
809,0.177,2019-05-20
810,-0.0554,2019-05-21
811,-0.6178,2019-05-22
812,-0.0222,2019-05-23
813,0.1151,2019-05-24
814,-0.1045,2019-05-25
815,0.0736,2019-05-26
816,0.0393,2019-05-27
817,0.3089,2019-05-28
818,-0.4266,2019-05-29
819,0.1205,2019-05-30
820,-0.3172,2019-05-31
821,0.0747,2019-06-01
822,-0.1853,2019-06-02
823,0.1485,2019-06-03
824,-0.6267,2019-06-04
825,-1.2763,2019-06-05
826,-0.25,2019-06-06
827,-0.1236,2019-06-07
828,-0.4616,2019-06-08
829,0.1319,2019-06-09
830,-1.5047,2019-06-10
831,0.1853,2019-06-11
832,0.6003,2019-06-12
833,-0.1944,2019-06-13
834,-1.0706,2019-06-14
835,-0.0453,2019-06-15
836,0.3824,2019-06-16
837,-0.5718,2019-06-17
838,-0.0835,2019-06-18
839,-0.5732,2019-06-19
840,-1.4712,2019-06-20
841,-0.756,2019-06-21
842,-0.3025,2019-06-22
843,-0.9009,2019-06-23
844,-0.8519,2019-06-24
845,-0.7148,2019-06-25
846,-1.1829,2019-06-26
847,-0.9371,2019-06-27
848,-0.6246,2019-06-28
849,-0.3228,2019-06-29
850,-0.1451,2019-06-30
851,0.0351,2019-07-01
852,-0.3344,2019-07-02
853,-0.5406,2019-07-03
854,-0.1885,2019-07-04
855,-0.4282,2019-07-05
856,-0.4005,2019-07-06
857,-0.2946,2019-07-07
858,-0.2766,2019-07-08
859,-0.0952,2019-07-09
860,-0.5203,2019-07-10
861,-0.469,2019-07-11
862,-1.6671,2019-07-12
863,-1.1176,2019-07-13
864,-1.9767,2019-07-14
865,-0.9163,2019-07-15
866,-1.3333,2019-07-16
867,-1.296,2019-07-17
868,-1.3161,2019-07-18
869,-0.7894,2019-07-19
870,-0.1406,2019-07-20
871,-0.6194,2019-07-21
872,-1.3342,2019-07-22
873,-1.0154,2019-07-23
874,-0.4859,2019-07-24
875,-0.0695,2019-07-25
876,-0.2993,2019-07-26
877,-0.4994,2019-07-27
878,0.0672,2019-07-28
879,-0.1898,2019-07-29
880,-0.0622,2019-07-30
881,-0.4016,2019-07-31
882,0.3656,2019-08-01
883,-0.022,2019-08-02
884,0.197,2019-08-03
885,0.1179,2019-08-04
886,-0.6694,2019-08-05
887,-1.106,2019-08-06
888,-0.5448,2019-08-07
889,-0.253,2019-08-08
890,-0.2259,2019-08-09
891,-0.0225,2019-08-10
892,0.108,2019-08-11
893,-0.2904,2019-08-12
894,-0.8616,2019-08-13
895,-0.889,2019-08-14
896,-0.1844,2019-08-15
897,0.1181,2019-08-16
898,0.0675,2019-08-17
899,0.1636,2019-08-18
900,0.1478,2019-08-19
901,-0.3871,2019-08-20
902,-0.8655,2019-08-21
903,-0.538,2019-08-22
904,-0.757,2019-08-23
905,-0.0569,2019-08-24
906,0.0993,2019-08-25
907,-0.0679,2019-08-26
908,-0.5814,2019-08-27
909,-0.7781,2019-08-28
910,-0.9043,2019-08-29
911,-0.4926,2019-08-30
912,0.0033,2019-08-31
913,-0.5194,2019-09-01
914,-0.0459,2019-09-02
915,0.1386,2019-09-03
916,0.2118,2019-09-04
917,0.2287,2019-09-05
918,-0.2204,2019-09-06
919,-0.0472,2019-09-07
920,0.298,2019-09-08
921,0.1428,2019-09-09
922,0.181,2019-09-10
923,-0.0042,2019-09-11
924,0.1553,2019-09-12
925,-0.9181,2019-09-13
926,-1.6226,2019-09-14
927,-0.8108,2019-09-15
928,0.0105,2019-09-16
929,-0.2715,2019-09-17
930,0.0648,2019-09-18
931,-0.4132,2019-09-19
932,-0.3773,2019-09-20
933,-0.5008,2019-09-21
934,-0.2886,2019-09-22
935,0.0904,2019-09-23
936,-0.4425,2019-09-24
937,-0.2743,2019-09-25
938,0.1131,2019-09-26
939,-0.0248,2019-09-27
940,0.4061,2019-09-28
941,0.441,2019-09-29
942,0.0748,2019-09-30
943,-0.3309,2019-10-01
944,-0.2352,2019-10-02
945,-0.2517,2019-10-03
946,-0.346,2019-10-04
947,-0.2582,2019-10-05
948,0.2636,2019-10-06
949,-0.0016,2019-10-07
950,0.1007,2019-10-08
951,-0.2747,2019-10-09
952,-0.0699,2019-10-10
953,-0.051,2019-10-11
954,0.1425,2019-10-12
955,-0.1664,2019-10-13
956,-0.7661,2019-10-14
957,0.0042,2019-10-15
958,-1.5107,2019-10-16
959,-1.8681,2019-10-17
960,-0.7846,2019-10-18
961,-0.3932,2019-10-19
962,-0.2133,2019-10-20
963,0.2005,2019-10-21
964,0.1885,2019-10-22
965,-0.7317,2019-10-23
966,-0.545,2019-10-24
967,-0.6319,2019-10-25
968,0.2246,2019-10-26
969,0.2008,2019-10-27
970,0.2825,2019-10-28
971,0.2968,2019-10-29
972,-0.0485,2019-10-30
973,0.2158,2019-10-31
974,-0.1537,2019-11-01
975,0.2638,2019-11-02
976,-0.1042,2019-11-03
977,-0.2874,2019-11-04
978,-0.2466,2019-11-05
979,-0.0649,2019-11-06
980,0.0396,2019-11-07
981,-0.6452,2019-11-08
982,-0.068,2019-11-09
983,0.2465,2019-11-10
984,-0.1055,2019-11-11
985,0.6084,2019-11-12
986,0.0591,2019-11-13
987,0.1771,2019-11-14
988,-0.494,2019-11-15
989,-0.062,2019-11-16
990,0.1135,2019-11-17
991,-0.3772,2019-11-18
992,0.2902,2019-11-19
993,0.0101,2019-11-20
994,-0.0873,2019-11-21
995,-0.728,2019-11-22
996,-0.94,2019-11-23
997,-0.6223,2019-11-24
998,-0.5777,2019-11-25
999,-0.3294,2019-11-26
1000,-0.0233,2019-11-27
1001,-0.5714,2019-11-28
1002,-1.2574,2019-11-29
1003,-2.427,2019-11-30
1004,-0.9608,2019-12-01
1005,-0.2157,2019-12-02
1006,-0.0419,2019-12-03
1007,0.1489,2019-12-04
1008,-0.3836,2019-12-05
1009,-0.7523,2019-12-06
1010,-0.6378,2019-12-07
1011,-1.5446,2019-12-08
1012,1.2014,2019-12-09
1013,0.4025,2019-12-10
1014,-1.1297,2019-12-11
1015,-0.9133,2019-12-12
1016,-1.0387,2019-12-13
1017,-3.7492,2019-12-14
1018,-2.1724,2019-12-15
1019,-1.4072,2019-12-16
1020,-0.4157,2019-12-17
1021,-2.8496,2019-12-18
1022,-1.0682,2019-12-19
1023,-1.3556,2019-12-20
1024,-0.6275,2019-12-21
1025,-1.1017,2019-12-22
1026,-0.7035,2019-12-23
1027,-1.1238,2019-12-24
1028,-0.1472,2019-12-25
1029,0.0438,2019-12-26
1030,-0.5298,2019-12-27
1031,-0.6099,2019-12-28
1032,-0.2434,2019-12-29
1033,-0.5216,2019-12-30
1034,-0.6708,2019-12-31
1035,-0.5187,2020-01-01
1036,-0.9433,2020-01-02
1037,-0.6469,2020-01-03
1038,-0.0071,2020-01-04
1039,-0.4575,2020-01-05
1040,-0.504,2020-01-06
1041,-0.2729,2020-01-07
1042,-0.2056,2020-01-08
1043,-1.5355,2020-01-09
1044,-1.2959,2020-01-10
1045,-0.66,2020-01-11
1046,-0.6114,2020-01-12
1047,0.0383,2020-01-13
1048,-0.0757,2020-01-14
1049,-0.1177,2020-01-15
1050,-0.6911,2020-01-16
1051,0.0251,2020-01-17
1052,-0.3646,2020-01-18
1053,-0.9459,2020-01-19
1054,-0.1443,2020-01-20
1055,-0.1431,2020-01-21
1056,-0.3831,2020-01-22
1057,-2.0329,2020-01-23
1058,-1.5348,2020-01-24
1059,-0.7278,2020-01-25
1060,-0.7148,2020-01-26
1061,-0.453,2020-01-27
1062,-0.3144,2020-01-28
1063,-0.1187,2020-01-29
1064,0.2731,2020-01-30
1065,-0.2155,2020-01-31
1066,-0.8651,2020-02-01
1067,-0.9462,2020-02-02
1068,-0.3074,2020-02-03
1069,0.1909,2020-02-04
1070,0.1568,2020-02-05
1071,-0.4921,2020-02-06
1072,-0.133,2020-02-07
1073,-0.4004,2020-02-08
1074,0.0054,2020-02-09
1075,-0.6294,2020-02-10
1076,-0.5954,2020-02-11
1077,-0.3742,2020-02-12
1078,-1.2178,2020-02-13
1079,-0.4468,2020-02-14
1080,-0.3597,2020-02-15
1081,-0.3811,2020-02-16
1082,-0.5685,2020-02-17
1083,-0.0878,2020-02-18
1084,0.2142,2020-02-19
1085,-0.7001,2020-02-20
1086,-1.5802,2020-02-21
1087,-1.196,2020-02-22
1088,-1.0032,2020-02-23
1089,0.2351,2020-02-24
1090,-0.3377,2020-02-25
1091,-0.1585,2020-02-26
1092,-0.3643,2020-02-27
1093,-1.1051,2020-02-28
1094,-0.8025,2020-02-29
1095,-0.9072,2020-03-01
1096,-1.3804,2020-03-02
1097,-2.019,2020-03-03
1098,-0.8029,2020-03-04
1099,-0.3938,2020-03-05
1100,-0.534,2020-03-06
1101,-0.7361,2020-03-07
1102,-0.4949,2020-03-08
1103,-1.5221,2020-03-09
1104,-0.6078,2020-03-10
1105,-0.9576,2020-03-11
1106,-0.4264,2020-03-12
1107,-1.7648,2020-03-13
1108,-1.7499,2020-03-14
1109,-1.2936,2020-03-15
1110,-4.4124,2020-03-16
1111,-0.5306,2020-03-17
1112,-0.4153,2020-03-18
1113,-1.546,2020-03-19
1114,-1.44,2020-03-20
1115,-0.6257,2020-03-21
1116,-2.5046,2020-03-22
1117,-0.8463,2020-03-23
1118,-0.2782,2020-03-24
1119,-4.2827,2020-03-25
1120,-1.2245,2020-03-26
1121,-0.8686,2020-03-27
1122,-1.8891,2020-03-28
1123,-1.695,2020-03-29
1124,-0.189,2020-03-30
1125,0.3221,2020-03-31
1126,-0.6744,2020-04-01
1127,0.6375,2020-04-02
1128,-0.2874,2020-04-03
1129,-0.6607,2020-04-04
1130,-0.2575,2020-04-05
1131,-0.6084,2020-04-06
1132,0.375,2020-04-07
1133,-0.1967,2020-04-08
1134,0.1612,2020-04-09
1135,-1.2346,2020-04-10
1136,-0.9963,2020-04-11
1137,0.1029,2020-04-12
1138,-1.1312,2020-04-13
1139,-1.0184,2020-04-14
1140,-0.8499,2020-04-15
1141,-0.3927,2020-04-16
1142,1.0982,2020-04-17
1143,0.6554,2020-04-18
1144,-1.742,2020-04-19
1145,-0.4524,2020-04-20
1146,0.0347,2020-04-21
1147,-0.8785,2020-04-22
1148,-1.172,2020-04-23
1149,-0.094,2020-04-24
1150,0.1952,2020-04-25
1151,-1.1264,2020-04-26
1152,0.4533,2020-04-27
1153,-0.4928,2020-04-28
1154,-2.0723,2020-04-29
1155,0.2289,2020-04-30
1156,-0.4328,2020-05-01
1157,0.1267,2020-05-02
1158,-0.5347,2020-05-03
1159,-0.6435,2020-05-04
1160,0.4528,2020-05-05
1161,-0.3048,2020-05-06
1162,0.2168,2020-05-07
1163,0.1606,2020-05-08
1164,0.6335,2020-05-09
1165,-0.9548,2020-05-10
1166,-0.4774,2020-05-11
1167,-0.7606,2020-05-12
1168,0.3854,2020-05-13
1169,0.277,2020-05-14
1170,-0.6236,2020-05-15
1171,-1.022,2020-05-16
1172,-0.2972,2020-05-17
1173,0.1045,2020-05-18
1174,-0.03,2020-05-19
1175,-0.7287,2020-05-20
1176,0.1182,2020-05-21
1177,-0.4519,2020-05-22
1178,0.0146,2020-05-23
1179,0.6035,2020-05-24
1180,-0.1802,2020-05-25
1181,0.6178,2020-05-26
1182,-0.6787,2020-05-27
1183,-1.2584,2020-05-28
1184,-0.7742,2020-05-29
1185,-0.1937,2020-05-30
1186,0.1407,2020-05-31
1187,-0.0631,2020-06-01
1188,0.0646,2020-06-02
1189,0.0984,2020-06-03
1190,-0.634,2020-06-04
1191,0.1571,2020-06-05
1192,-0.6905,2020-06-06
1193,-0.7092,2020-06-07
1194,0.6648,2020-06-08
1195,-0.1124,2020-06-09
1196,-0.4095,2020-06-10
1197,0.7209,2020-06-11
1198,-1.2368,2020-06-12
1199,-0.4445,2020-06-13
1200,-0.1307,2020-06-14
1201,0.1375,2020-06-15
1202,-0.3567,2020-06-16
1203,0.2385,2020-06-17
1204,0.5628,2020-06-18
1205,-0.218,2020-06-19
1206,-0.495,2020-06-20
1207,-0.0542,2020-06-21
1208,-1.1278,2020-06-22
1209,0.0568,2020-06-23
1210,-0.3877,2020-06-24
1211,-1.3174,2020-06-25
1212,-2.3446,2020-06-26
1213,-0.6178,2020-06-27
1214,0.4603,2020-06-28
1215,-0.2607,2020-06-29
1216,0.0386,2020-06-30
1217,0.0423,2020-07-01
1218,-0.1959,2020-07-02
1219,-1.0593,2020-07-03
1220,-0.6985,2020-07-04
1221,0.3256,2020-07-05
1222,-0.413,2020-07-06
1223,0.245,2020-07-07
1224,0.269,2020-07-08
1225,-0.399,2020-07-09
1226,0.3916,2020-07-10
1227,-0.1916,2020-07-11
1228,-0.9972,2020-07-12
1229,-0.3004,2020-07-13
1230,0.2408,2020-07-14
1231,-1.5474,2020-07-15
1232,-2.9673,2020-07-16
1233,-2.4965,2020-07-17
1234,-3.6191,2020-07-18
1235,-3.3048,2020-07-19
1236,-1.2744,2020-07-20
1237,-1.5954,2020-07-21
1238,-1.679,2020-07-22
1239,-1.7848,2020-07-23
1240,-1.3746,2020-07-24
1241,-0.7516,2020-07-25
1242,-0.4669,2020-07-26
1243,-0.3688,2020-07-27
1244,-0.3517,2020-07-28
1245,-0.6314,2020-07-29
1246,-0.7295,2020-07-30
1247,-4.7582,2020-07-31
1248,-4.4048,2020-08-01
1249,-3.3865,2020-08-02
1250,-1.1242,2020-08-03
1251,-1.5629,2020-08-04
1252,-4.0761,2020-08-05
1253,-2.2736,2020-08-06
1254,0.4819,2020-08-07
1255,0.1676,2020-08-08
1256,0.5341,2020-08-09
1257,0.1644,2020-08-10
1258,-1.1832,2020-08-11
1259,-1.0354,2020-08-12
1260,-1.6187,2020-08-13
1261,-1.5958,2020-08-14
1262,-1.3456,2020-08-15
1263,-0.3303,2020-08-16
1264,0.4129,2020-08-17
1265,-0.1115,2020-08-18
1266,0.0738,2020-08-19
1267,-2.039,2020-08-20
1268,-1.3773,2020-08-21
1269,-0.2685,2020-08-22
1270,-0.3908,2020-08-23
1271,0.1299,2020-08-24
1272,-0.2441,2020-08-25
1273,-0.1615,2020-08-26
1274,-0.4303,2020-08-27
1275,-2.1985,2020-08-28
1276,-1.2269,2020-08-29
1277,-0.4089,2020-08-30
1278,0.3233,2020-08-31
1279,0.2272,2020-09-01
1280,-0.8188,2020-09-02
1281,-0.4991,2020-09-03
1282,-1.9972,2020-09-04
1283,-2.6609,2020-09-05
1284,-1.0496,2020-09-06
1285,-0.4965,2020-09-07
1286,0.1612,2020-09-08
1287,-0.1796,2020-09-09
1288,0.051,2020-09-10
1289,-0.8909,2020-09-11
1290,-1.8043,2020-09-12
1291,0.0803,2020-09-13
1292,0.6528,2020-09-14
1293,-0.3006,2020-09-15
1294,-0.7505,2020-09-16
1295,0.2814,2020-09-17
1296,0.1108,2020-09-18
1297,-0.0808,2020-09-19
1298,-0.0781,2020-09-20
1299,0.7827,2020-09-21
1300,-3.4869,2020-09-22
1301,-2.058,2020-09-23
1302,0.059,2020-09-24
1303,0.179,2020-09-25
1304,-0.9717,2020-09-26
1305,-1.1421,2020-09-27
1306,0.2121,2020-09-28
1307,-0.4543,2020-09-29
1308,0.5089,2020-09-30
1309,-0.4343,2020-10-01
1310,0.0056,2020-10-02
1311,-2.405,2020-10-03
1312,-0.5996,2020-10-04
1313,-0.445,2020-10-05
1314,-2.7615,2020-10-06
1315,-1.2344,2020-10-07
1316,-0.2274,2020-10-08
1317,-0.839,2020-10-09
1318,-0.6551,2020-10-10
1319,-1.3005,2020-10-11
1320,-2.4224,2020-10-12
1321,0.2045,2020-10-13
1322,0.2969,2020-10-14
1323,-0.7231,2020-10-15
1324,-1.8487,2020-10-16
1325,-1.8089,2020-10-17
1326,-1.0237,2020-10-18
1327,-0.9026,2020-10-19
1328,0.8283,2020-10-20
1329,0.8283,2020-10-21
1330,0.8018,2020-10-22
1331,-2.9485,2020-10-23
1332,-1.0831,2020-10-24
1333,-2.8937,2020-10-25
1334,-0.5845,2020-10-26
1335,0.3747,2020-10-27
1336,-0.9415,2020-10-28
1337,0.8272,2020-10-29
1338,-0.7049,2020-10-30
1339,0.7857,2020-10-31
1340,-0.7222,2020-11-01
1341,1.0934,2020-11-02
1342,0.1141,2020-11-03
1343,0.1875,2020-11-04
1344,0.9693,2020-11-05
1345,-1.4907,2020-11-06
1346,-0.8392,2020-11-07
1347,0.991,2020-11-08
1348,-0.0089,2020-11-09
1349,-0.7662,2020-11-10
1350,-0.9066,2020-11-11
1351,0.3734,2020-11-12
1352,0.1671,2020-11-13
1353,2.3175,2020-11-14
1354,-2.0364,2020-11-15
1355,-0.3681,2020-11-16
1356,-1.0669,2020-11-17
1357,-0.5387,2020-11-18
1358,-0.86,2020-11-19
1359,0.7307,2020-11-20
1360,0.417,2020-11-21
1361,-0.076,2020-11-22
1362,0.1251,2020-11-23
1363,-0.4876,2020-11-24
1364,0.354,2020-11-25
1365,-1.8967,2020-11-26
1366,-1.1128,2020-11-27
1367,-0.2077,2020-11-28
1368,-0.1871,2020-11-29
1369,0.3379,2020-11-30
1370,-0.4606,2020-12-01
1371,0.4316,2020-12-02
1372,0.106,2020-12-03
1373,0.3154,2020-12-04
1374,0.0017,2020-12-05
1375,-0.2615,2020-12-06
1376,-0.5672,2020-12-07
1377,-0.3043,2020-12-08
1378,-0.2073,2020-12-09
1379,0.6621,2020-12-10
1380,-1.8469,2020-12-11
1381,-1.1323,2020-12-12
1382,0.2623,2020-12-13
1383,0.2873,2020-12-14
1384,-0.2465,2020-12-15
1385,-0.0513,2020-12-16
1386,-0.0153,2020-12-17
1387,-0.0892,2020-12-18
1388,-0.2324,2020-12-19
1389,-1.006,2020-12-20
1390,-0.0898,2020-12-21
1391,-0.8776,2020-12-22
1392,-0.6693,2020-12-23
1393,0.0753,2020-12-24
1394,0.097,2020-12-25
1395,0.0235,2020-12-26
1396,0.1736,2020-12-27
1397,-0.8917,2020-12-28
1398,-0.469,2020-12-29
1399,-0.2045,2020-12-30
1400,-0.3877,2020-12-31
1401,-1.0699,2021-01-01
1402,-0.2342,2021-01-02
1403,0.2973,2021-01-03
1404,0.1257,2021-01-04
1405,-0.7768,2021-01-05
1406,-0.1232,2021-01-06
1407,0.0055,2021-01-07
1408,-0.2247,2021-01-08
1409,-0.2579,2021-01-09
1410,-1.1543,2021-01-10
1411,-1.2273,2021-01-11
1412,-1.4788,2021-01-12
1413,-1.1008,2021-01-13
1414,-0.2536,2021-01-14
1415,-1.5751,2021-01-15
1416,-0.5345,2021-01-16
1417,-1.6691,2021-01-17
1418,-0.4656,2021-01-18
1419,-0.0701,2021-01-19
1420,0.1027,2021-01-20
1421,-0.2097,2021-01-21
1422,-1.1469,2021-01-22
1423,-0.8489,2021-01-23
1424,-0.2833,2021-01-24
1425,-0.0822,2021-01-25
1426,-0.3833,2021-01-26
1427,-1.051,2021-01-27
1428,-0.8292,2021-01-28
1429,-0.4951,2021-01-29
1430,-1.1846,2021-01-30
1431,-1.1819,2021-01-31
1432,-0.2052,2021-02-01
1433,-0.568,2021-02-02
1434,0.0071,2021-02-03
1435,-0.0982,2021-02-04
1436,-1.2025,2021-02-05
1437,-1.0577,2021-02-06
1438,-0.5672,2021-02-07
1439,0.4078,2021-02-08
1440,0.4195,2021-02-09
1441,-0.9657,2021-02-10
1442,-0.0539,2021-02-11
1443,-0.3399,2021-02-12
1444,0.1121,2021-02-13
1445,-0.0602,2021-02-14
1446,-0.2536,2021-02-15
1447,0.0273,2021-02-16
1448,-1.9885,2021-02-17
1449,-1.1427,2021-02-18
1450,-0.2188,2021-02-19
1451,-0.3523,2021-02-20
1452,0.2864,2021-02-21
1453,-0.7021,2021-02-22
1454,-0.521,2021-02-23
1455,-0.32,2021-02-24
1456,-0.2631,2021-02-25
1457,-0.8739,2021-02-26
1458,-0.5391,2021-02-27
1459,-0.4265,2021-02-28
1460,-0.2216,2021-03-01
1461,-0.1925,2021-03-02
1462,0.0915,2021-03-03
1463,0.5557,2021-03-04
1464,-1.3503,2021-03-05
1465,-1.4255,2021-03-06
1466,0.1623,2021-03-07
1467,0.1732,2021-03-08
1468,0.489,2021-03-09
1469,-0.5801,2021-03-10
1470,0.614,2021-03-11
1471,0.3699,2021-03-12
1472,0.918,2021-03-13
1473,0.3731,2021-03-14
1474,-0.1219,2021-03-15
1475,0.0932,2021-03-16
1476,-1.1837,2021-03-17
1477,-0.4208,2021-03-18
1478,-0.4317,2021-03-19
1479,-0.3886,2021-03-20
1480,-0.5336,2021-03-21
1481,0.3977,2021-03-22
1482,0.3823,2021-03-23
1483,0.2732,2021-03-24
1484,-0.7781,2021-03-25
1485,0.1539,2021-03-26
1486,0.0422,2021-03-27
1487,0.0299,2021-03-28
1488,0.8071,2021-03-29
1489,0.708,2021-03-30
1490,0.3501,2021-03-31
1491,0.2038,2021-04-01
1492,-0.6185,2021-04-02
1493,-0.719,2021-04-03
1494,0.8044,2021-04-04
1495,-0.1449,2021-04-05
1496,0.5931,2021-04-06
1497,-0.338,2021-04-07
1498,0.2549,2021-04-08
1499,0.6923,2021-04-09
1500,0.3576,2021-04-10
1501,0.334,2021-04-11
1502,0.4619,2021-04-12
1503,0.5471,2021-04-13
1504,0.3152,2021-04-14
1505,0.416,2021-04-15
1506,-0.9607,2021-04-16
1507,-1.0138,2021-04-17
1508,-0.7935,2021-04-18
1509,0.1075,2021-04-19
1510,0.6965,2021-04-20
1511,0.4217,2021-04-21
1512,0.0327,2021-04-22
1513,-1.5243,2021-04-23
1514,-1.1002,2021-04-24
1515,-0.4575,2021-04-25
1516,0.031,2021-04-26
1517,0.1239,2021-04-27
1518,0.0904,2021-04-28
1519,-1.0275,2021-04-29
1520,0.1113,2021-04-30
1521,-0.7788,2021-05-01
1522,-0.7804,2021-05-02
1523,0.1818,2021-05-03
1524,0.2017,2021-05-04
1525,1.1268,2021-05-05
1526,0.6443,2021-05-06
1527,-0.0125,2021-05-07
1528,-0.2696,2021-05-08
1529,-0.6426,2021-05-09
1530,0.1516,2021-05-10
1531,0.1229,2021-05-11
1532,-0.0548,2021-05-12
1533,-1.0817,2021-05-13
1534,-1.2028,2021-05-14
1535,-1.9901,2021-05-15
1536,-1.4767,2021-05-16
1537,-0.9182,2021-05-17
1538,-0.4316,2021-05-18
1539,-1.8685,2021-05-19
1540,-1.2831,2021-05-20
1541,-1.0514,2021-05-21
1542,-1.1107,2021-05-22
1543,-1.3147,2021-05-23
1544,-0.9654,2021-05-24
1545,-0.2574,2021-05-25
1546,-0.7835,2021-05-26
1547,-0.259,2021-05-27
1548,-0.4713,2021-05-28
1549,-1.2349,2021-05-29
1550,-0.0243,2021-05-30
1551,-0.9683,2021-05-31
1552,0.1684,2021-06-01
1553,-0.1126,2021-06-02
1554,-0.6945,2021-06-03
1555,-0.7411,2021-06-04
1556,-1.2244,2021-06-05
1557,-0.5602,2021-06-06
1558,-2.2307,2021-06-07
1559,-2.8401,2021-06-08
1560,-0.8154,2021-06-09
1561,-1.9911,2021-06-10
1562,-1.3397,2021-06-11
1563,-1.446,2021-06-12
1564,-0.1772,2021-06-13
1565,-0.1733,2021-06-14
1566,-0.259,2021-06-15
1567,-0.473,2021-06-16
1568,-0.2609,2021-06-17
1569,-0.3065,2021-06-18
1570,-2.7207,2021-06-19
1571,-1.1776,2021-06-20
1572,-1.2274,2021-06-21
1573,-0.7215,2021-06-22
1574,-2.5898,2021-06-23
1575,-2.7793,2021-06-24
1576,-1.0596,2021-06-25
1577,-0.9309,2021-06-26
1578,-0.9176,2021-06-27
1579,-0.6407,2021-06-28
1580,-0.9942,2021-06-29
1581,0.3013,2021-06-30
1582,0.2168,2021-07-01
1583,-0.007,2021-07-02
1584,-1.5045,2021-07-03
1585,-1.0343,2021-07-04
1586,-2.9666,2021-07-05
1587,-1.194,2021-07-06
1588,-1.0147,2021-07-07
1589,-1.2205,2021-07-08
1590,-0.2112,2021-07-09
1591,-0.6506,2021-07-10
1592,-0.5508,2021-07-11
1593,-0.48,2021-07-12
1594,-1.0997,2021-07-13
1595,-0.0465,2021-07-14
1596,-0.5646,2021-07-15
1597,0.0997,2021-07-16
1598,-0.1195,2021-07-17
1599,-0.9845,2021-07-18
1600,-0.6379,2021-07-19
1601,-1.0186,2021-07-20
1602,-1.9898,2021-07-21
1603,-1.0306,2021-07-22
1604,-0.3365,2021-07-23
1605,-0.2202,2021-07-24
1606,-0.5184,2021-07-25
1607,-0.0224,2021-07-26
1608,-0.2109,2021-07-27
1609,-0.0684,2021-07-28
1610,0.5788,2021-07-29
1611,0.3104,2021-07-30
1612,0.1271,2021-07-31
1613,-0.2393,2021-08-01
1614,0.179,2021-08-02
1615,-0.3632,2021-08-03
1616,-0.1775,2021-08-04
1617,0.0245,2021-08-05
1618,0.0998,2021-08-06
1619,-0.2636,2021-08-07
1620,-0.2152,2021-08-08
1621,0.1564,2021-08-09
1622,-0.316,2021-08-10
1623,-0.4503,2021-08-11
1624,-0.9743,2021-08-12
1625,0.06,2021-08-13
1626,0.3824,2021-08-14
1627,-0.0152,2021-08-15
1628,-0.0756,2021-08-16
1629,0.7881,2021-08-17
1630,0.2185,2021-08-18
1631,-0.0802,2021-08-19
1632,0.2255,2021-08-20
1633,0.0919,2021-08-21
1634,-0.3,2021-08-22
1635,0.3932,2021-08-23
1636,0.6249,2021-08-24
1637,0.2908,2021-08-25
1638,-0.1693,2021-08-26
1639,0.1278,2021-08-27
1640,-0.3172,2021-08-28
1641,-0.0987,2021-08-29
1642,0.4712,2021-08-30
1643,0.5693,2021-08-31
1644,0.3546,2021-09-01
1645,0.2587,2021-09-02
1646,-0.3408,2021-09-03
1647,-0.3903,2021-09-04
1648,-0.2402,2021-09-05
1649,0.1768,2021-09-06
1650,-0.5494,2021-09-07
1651,-1.0234,2021-09-08
1652,-1.0514,2021-09-09
1653,-0.3208,2021-09-10
1654,-0.4874,2021-09-11
1655,-0.5444,2021-09-12
1656,-0.529,2021-09-13
1657,0.1782,2021-09-14
1658,0.0235,2021-09-15
1659,-0.0496,2021-09-16
1660,0.2033,2021-09-17
1661,-0.6276,2021-09-18
1662,-0.198,2021-09-19
1663,-1.2412,2021-09-20
1664,-1.2582,2021-09-21
1665,-0.1462,2021-09-22
1666,0.4963,2021-09-23
1667,-2.1502,2021-09-24
1668,-1.3293,2021-09-25
1669,-1.0284,2021-09-26
1670,-0.5558,2021-09-27
1671,-0.3464,2021-09-28
1672,-0.2898,2021-09-29
1673,0.251,2021-09-30
1674,-0.2856,2021-10-01
1675,-0.9526,2021-10-02
1676,-0.5834,2021-10-03
1677,-0.7436,2021-10-04
1678,-0.3522,2021-10-05
1679,-0.5363,2021-10-06
1680,-0.0214,2021-10-07
1681,0.1186,2021-10-08
1682,-0.7113,2021-10-09
1683,-1.6297,2021-10-10
1684,-2.1722,2021-10-11
1685,-0.0937,2021-10-12
1686,-1.2711,2021-10-13
1687,0.0029,2021-10-14
1688,-0.592,2021-10-15
1689,-0.8047,2021-10-16
1690,-0.0598,2021-10-17
1691,-0.446,2021-10-18
1692,0.5159,2021-10-19
1693,0.2315,2021-10-20
1694,-0.4217,2021-10-21
1695,0.1074,2021-10-22
1696,0.281,2021-10-23
1697,0.1254,2021-10-24
1698,-0.1234,2021-10-25
1699,0.0355,2021-10-26
1700,0.1894,2021-10-27
1701,-0.0069,2021-10-28
1702,0.1506,2021-10-29
1703,0.0908,2021-10-30
1704,-0.3869,2021-10-31
1705,0.0151,2021-11-01
1706,0.1334,2021-11-02
1707,0.3945,2021-11-03
1708,-0.6469,2021-11-04
1709,-0.0422,2021-11-05
1710,-0.2303,2021-11-06
1711,-0.1825,2021-11-07
1712,-1.5612,2021-11-08
1713,-0.5123,2021-11-09
1714,0.1682,2021-11-10
1715,0.3984,2021-11-11
1716,0.36,2021-11-12
1717,-0.6752,2021-11-13
1718,-0.2683,2021-11-14
1719,0.6008,2021-11-15
1720,0.338,2021-11-16
1721,0.416,2021-11-17
1722,0.1759,2021-11-18
1723,-0.4023,2021-11-19
1724,-0.3405,2021-11-20
1725,0.0546,2021-11-21
1726,0.196,2021-11-22
1727,-0.0821,2021-11-23
1728,-0.2719,2021-11-24
1729,-0.146,2021-11-25
1730,-0.6788,2021-11-26
1731,-1.089,2021-11-27
1732,-0.8289,2021-11-28
1733,-0.1452,2021-11-29
1734,0.3032,2021-11-30
1735,-0.4777,2021-12-01
1736,-0.2162,2021-12-02
1737,0.1227,2021-12-03
1738,-0.9598,2021-12-04
1739,-0.8546,2021-12-05
1740,-1.2562,2021-12-06
1741,-0.4711,2021-12-07
1742,-0.1648,2021-12-08
1743,0.2136,2021-12-09
1744,-0.7819,2021-12-10
1745,-0.8883,2021-12-11
1746,-1.1485,2021-12-12
1747,-0.4813,2021-12-13
1748,-0.0424,2021-12-14
1749,-1.0927,2021-12-15
1750,0.1809,2021-12-16
1751,-0.1329,2021-12-17
1752,-2.0186,2021-12-18
1753,-1.7383,2021-12-19
1754,0.0877,2021-12-20
1755,-0.1658,2021-12-21
1756,0.1644,2021-12-22
1757,0.0904,2021-12-23
1758,0.2574,2021-12-24
1759,0.3329,2021-12-25
1760,-0.0578,2021-12-26
1761,0.002,2021-12-27
1762,-0.3471,2021-12-28
1763,-0.2444,2021-12-29
1764,-0.3763,2021-12-30
1765,-0.2464,2021-12-31
1766,-0.572,2022-01-01
1767,0.0981,2022-01-02
1768,0.1463,2022-01-03
1769,-0.0085,2022-01-04
1770,0.6585,2022-01-05
1771,-0.8646,2022-01-06
1772,-0.9055,2022-01-07
1773,-0.9498,2022-01-08
1774,-0.7854,2022-01-09
1775,-0.4728,2022-01-10
1776,-0.966,2022-01-11
1777,-0.1502,2022-01-12
1778,0.3955,2022-01-13
1779,-0.4252,2022-01-14
1780,-1.2737,2022-01-15
1781,-0.2413,2022-01-16
1782,0.0591,2022-01-17
1783,0.1028,2022-01-18
1784,0.3017,2022-01-19
1785,-0.4214,2022-01-20
1786,-0.6618,2022-01-21
1787,-1.6429,2022-01-22
1788,-1.7288,2022-01-23
1789,-1.5994,2022-01-24
1790,-1.0407,2022-01-25
1791,0.068,2022-01-26
1792,-0.1538,2022-01-27
1793,-0.5293,2022-01-28
1794,-0.4455,2022-01-29
1795,-0.4591,2022-01-30
1796,-0.1332,2022-01-31
1797,-0.2702,2022-02-01
1798,-0.095,2022-02-02
1799,0.1817,2022-02-03
1800,-0.0689,2022-02-04
1801,-0.1195,2022-02-05
1802,-1.4969,2022-02-06
1803,-0.4059,2022-02-07
1804,-1.3774,2022-02-08
1805,-1.1785,2022-02-09
1806,-0.385,2022-02-10
1807,-0.3441,2022-02-11
1808,-0.823,2022-02-12
1809,-0.3697,2022-02-13
1810,-0.0143,2022-02-14
1811,-1.3541,2022-02-15
1812,-1.3584,2022-02-16
1813,-0.6747,2022-02-17
1814,-1.2711,2022-02-18
1815,-1.1894,2022-02-19
1816,-1.3053,2022-02-20
1817,-0.6565,2022-02-21
1818,-0.0213,2022-02-22
1819,-0.719,2022-02-23
1820,-0.698,2022-02-24
1821,-1.9708,2022-02-25
1822,-2.1528,2022-02-26
1823,-1.8244,2022-02-27
1824,-1.8669,2022-02-28
1825,-1.8264,2022-03-01
1826,-1.9219,2022-03-02
1827,-1.4696,2022-03-03
1828,-1.3903,2022-03-04
1829,-0.9842,2022-03-05
1830,-0.5224,2022-03-06
1831,-0.3958,2022-03-07
1832,-1.0373,2022-03-08
1833,-0.6799,2022-03-09
1834,-0.5547,2022-03-10
1835,-0.1298,2022-03-11
1836,-0.098,2022-03-12
1837,-0.0671,2022-03-13
1838,-0.3941,2022-03-14
1839,0.3495,2022-03-15
1840,0.1192,2022-03-16
1841,-0.5035,2022-03-17
1842,-0.6178,2022-03-18
1843,-0.2123,2022-03-19
1844,0.0365,2022-03-20
1845,0.1859,2022-03-21
1846,-0.641,2022-03-22
1847,0.1346,2022-03-23
1848,0.1702,2022-03-24
1849,0.2245,2022-03-25
1850,-0.3137,2022-03-26
1851,-0.4544,2022-03-27
1852,-0.1082,2022-03-28
1853,0.0303,2022-03-29
1854,0.0032,2022-03-30
1855,-0.0724,2022-03-31
1856,-0.2297,2022-04-01
1857,0.2552,2022-04-02
1858,0.7403,2022-04-03
1859,0.2393,2022-04-04
1860,-0.0329,2022-04-05
1861,-0.3386,2022-04-06
1862,-0.386,2022-04-07
1863,-0.0456,2022-04-08
1864,-0.007,2022-04-09
1865,0.1221,2022-04-10
1866,-0.3734,2022-04-11
1867,0.0461,2022-04-12
1868,-0.1372,2022-04-13
1869,0.4548,2022-04-14
1870,-0.4042,2022-04-15
1871,0.2176,2022-04-16
1872,-0.0616,2022-04-17
1873,-0.2326,2022-04-18
1874,-0.6185,2022-04-19
1875,0.0989,2022-04-20
1876,-0.5474,2022-04-21
1877,0.1672,2022-04-22
1878,0.4495,2022-04-23
1879,0.1237,2022-04-24
1880,0.3006,2022-04-25
1881,0.0711,2022-04-26
1882,-0.3197,2022-04-27
1883,-0.4803,2022-04-28
1884,0.0821,2022-04-29
1885,-0.143,2022-04-30
1886,-1.134,2022-05-01
1887,0.2252,2022-05-02
1888,0.4162,2022-05-03
1889,0.1732,2022-05-04
1890,0.0869,2022-05-05
1891,-0.6513,2022-05-06
1892,-0.4748,2022-05-07
1893,-0.1552,2022-05-08
1894,-1.4943,2022-05-09
1895,-1.5262,2022-05-10
1896,-0.8879,2022-05-11
1897,-1.1767,2022-05-12
1898,-1.5665,2022-05-13
1899,-1.1517,2022-05-14
1900,-1.0921,2022-05-15
1901,-0.2532,2022-05-16
1902,-0.5146,2022-05-17
1903,-0.1982,2022-05-18
1904,-0.5428,2022-05-19
1905,-0.4395,2022-05-20
1906,-0.5633,2022-05-21
1907,-0.3108,2022-05-22
1908,-0.4866,2022-05-23
1909,-0.9406,2022-05-24
1910,-0.5787,2022-05-25
1911,0.1286,2022-05-26
1912,-0.0442,2022-05-27
1913,-0.2127,2022-05-28
1914,-0.0202,2022-05-29
1915,-0.1707,2022-05-30
1916,0.0676,2022-05-31
1917,-0.5604,2022-06-01
1918,-0.3746,2022-06-02
1919,-1.0173,2022-06-03
1920,-1.3015,2022-06-04
1921,-1.0568,2022-06-05
1922,-1.0405,2022-06-06
1923,-0.2758,2022-06-07
1924,-0.1858,2022-06-08
1925,-0.0543,2022-06-09
1926,-0.2089,2022-06-10
1927,-0.788,2022-06-11
1928,-0.5007,2022-06-12
1929,-2.3308,2022-06-13
1930,-1.8752,2022-06-14
1931,-2.2905,2022-06-15
1932,-1.3871,2022-06-16
1933,-1.774,2022-06-17
1934,-1.9602,2022-06-18
1935,-2.1649,2022-06-19
1936,-1.6856,2022-06-20
1937,-1.1852,2022-06-21
1938,-0.3241,2022-06-22
1939,-0.3427,2022-06-23
1940,-0.6598,2022-06-24
1941,-0.8217,2022-06-25
1942,-0.8334,2022-06-26
1943,-0.7211,2022-06-27
1944,0.2123,2022-06-28
1945,-1.147,2022-06-29
1946,-1.3954,2022-06-30
1947,-1.7242,2022-07-01
1948,-1.4667,2022-07-02
1949,-1.509,2022-07-03
1950,-1.3976,2022-07-04
1951,-1.1972,2022-07-05
1952,-0.9833,2022-07-06
1953,-0.7142,2022-07-07
1954,-1.2317,2022-07-08
1955,-0.9357,2022-07-09
1956,-1.6761,2022-07-10
1957,-0.2072,2022-07-11
1958,-0.921,2022-07-12
1959,-0.4941,2022-07-13
1960,-1.0868,2022-07-14
1961,-0.5956,2022-07-15
1962,-0.7504,2022-07-16
1963,-0.3637,2022-07-17
1964,-0.5186,2022-07-18
1965,-1.0297,2022-07-19
1966,-0.3597,2022-07-20
1967,-0.6823,2022-07-21
1968,-0.8741,2022-07-22
1969,-0.2929,2022-07-23
1970,0.8387,2022-07-24
1971,-0.2045,2022-07-25
1972,-0.6531,2022-07-26
1973,-0.1888,2022-07-27
1974,-0.6114,2022-07-28
1975,-0.3665,2022-07-29
1976,0.4341,2022-07-30
1977,-0.546,2022-07-31
1978,-0.4884,2022-08-01
1979,-0.803,2022-08-02
1980,-1.4779,2022-08-03
1981,-0.3575,2022-08-04
1982,-0.9868,2022-08-05
1983,-1.274,2022-08-06
1984,-1.0697,2022-08-07
1985,-1.0723,2022-08-08
1986,-0.4645,2022-08-09
1987,-1.3438,2022-08-10
1988,-0.2958,2022-08-11
1989,-1.1053,2022-08-12
1990,-1.3773,2022-08-13
1991,-0.9058,2022-08-14
1992,-0.6282,2022-08-15
1993,-0.339,2022-08-16
1994,-1.0751,2022-08-17
1995,-0.0797,2022-08-18
1996,-0.8068,2022-08-19
1997,-0.7136,2022-08-20
1998,0.1874,2022-08-21
1999,-0.2513,2022-08-22
2000,-1.2478,2022-08-23
2001,-0.7628,2022-08-24
2002,-0.0173,2022-08-25
2003,-0.5782,2022-08-26
2004,-0.8064,2022-08-27
2005,-1.04,2022-08-28
2006,-0.6075,2022-08-29
2007,-0.6072,2022-08-30
2008,-0.8657,2022-08-31
2009,-0.732,2022-09-01
2010,0.1045,2022-09-02
2011,-0.3216,2022-09-03
2012,-0.6486,2022-09-04
2013,-0.4845,2022-09-05
2014,0.1169,2022-09-06
2015,-0.4546,2022-09-07
2016,-0.2657,2022-09-08
2017,-0.0579,2022-09-09
2018,-0.6305,2022-09-10
2019,-0.3543,2022-09-11
2020,-0.6404,2022-09-12
2021,-0.9527,2022-09-13
2022,-2.1567,2022-09-14
2023,0.0693,2022-09-15
2024,-0.596,2022-09-16
2025,-0.3773,2022-09-17
2026,-0.5133,2022-09-18
2027,-0.5305,2022-09-19
2028,-0.4878,2022-09-20
2029,-0.3312,2022-09-21
2030,-0.3357,2022-09-22
2031,-1.3304,2022-09-23
2032,-1.5151,2022-09-24
2033,-0.7219,2022-09-25
2034,-0.6484,2022-09-26
2035,-1.4686,2022-09-27
2036,-0.5773,2022-09-28
2037,-0.2057,2022-09-29
2038,-0.8767,2022-09-30
2039,-0.6682,2022-10-01
2040,-1.2692,2022-10-02
2041,-0.2377,2022-10-03
2042,-0.7449,2022-10-04
2043,-0.4156,2022-10-05
2044,-0.5341,2022-10-06
2045,-1.2371,2022-10-07
2046,-1.4264,2022-10-08
2047,-0.3461,2022-10-09
2048,-0.3987,2022-10-10
2049,-0.1878,2022-10-11
2050,0.0614,2022-10-12
2051,-0.2966,2022-10-13
2052,-0.4479,2022-10-14
2053,1.6928,2022-10-15
2054,-0.623,2022-10-16
2055,0.0261,2022-10-17
2056,0.0989,2022-10-18
2057,-0.0295,2022-10-19
2058,-0.4098,2022-10-20
2059,-0.8072,2022-10-21
2060,-0.7137,2022-10-22
2061,-1.3502,2022-10-23
2062,-0.9339,2022-10-24
2063,-1.3172,2022-10-25
2064,0.0284,2022-10-26
2065,0.1663,2022-10-27
2066,-0.1196,2022-10-28
2067,-0.4453,2022-10-29
2068,-0.5102,2022-10-30
2069,-0.4268,2022-10-31
2070,0.0852,2022-11-01
2071,-0.0313,2022-11-02
2072,-0.1115,2022-11-03
2073,-0.3695,2022-11-04
2074,-0.9148,2022-11-05
2075,-0.0556,2022-11-06
2076,-1.2318,2022-11-07
2077,-1.3148,2022-11-08
2078,-1.2413,2022-11-09
2079,-0.8557,2022-11-10
2080,-2.1148,2022-11-11
2081,-2.4175,2022-11-12
2082,-2.5583,2022-11-13
2083,-1.9659,2022-11-14
2084,-1.2291,2022-11-15
2085,-1.3355,2022-11-16
2086,-1.5502,2022-11-17
2087,-1.5635,2022-11-18
2088,-2.1799,2022-11-19
2089,-1.6592,2022-11-20
2090,-1.4931,2022-11-21
2091,-1.7707,2022-11-22
2092,-1.6764,2022-11-23
2093,-2.5322,2022-11-24
2094,-1.2413,2022-11-25
2095,-0.9827,2022-11-26
2096,-0.6959,2022-11-27
2097,-1.4873,2022-11-28
2098,-1.4493,2022-11-29
2099,-0.8347,2022-11-30
2100,-1.88,2022-12-01
2101,-1.4656,2022-12-02
2102,-1.3882,2022-12-03
2103,-2.0094,2022-12-04
2104,-0.9733,2022-12-05
2105,-0.8714,2022-12-06
2106,-0.8094,2022-12-07
2107,-1.1566,2022-12-08
2108,-1.2647,2022-12-09
2109,-0.9602,2022-12-10
2110,-1.1749,2022-12-11
2111,-0.9606,2022-12-12
2112,-4.0001,2022-12-13
2113,-2.6706,2022-12-14
2114,-1.351,2022-12-15
2115,-1.8959,2022-12-16
2116,-2.6698,2022-12-17
2117,-1.7672,2022-12-18
2118,-1.5647,2022-12-19
2119,-1.8304,2022-12-20
2120,-1.9559,2022-12-21
2121,-4.185,2022-12-22
2122,-2.2266,2022-12-23
2123,-2.0866,2022-12-24
2124,-1.1948,2022-12-25
2125,-0.8256,2022-12-26
2126,-1.6974,2022-12-27
2127,-1.354,2022-12-28
2128,-1.1649,2022-12-29
2129,-1.7424,2022-12-30
2130,-1.3875,2022-12-31
2131,-1.018,2023-01-01
2132,-1.0084,2023-01-02
2133,-3.7284,2023-01-03
2134,-2.6964,2023-01-04
2135,-1.8385,2023-01-05
2136,-1.7557,2023-01-06
2137,-1.5688,2023-01-07
2138,-1.0281,2023-01-08
2139,-0.7771,2023-01-09
2140,-1.6255,2023-01-10
2141,-1.1502,2023-01-11
2142,-1.2126,2023-01-12
2143,-1.5407,2023-01-13
2144,-0.7634,2023-01-14
2145,-0.4378,2023-01-15
2146,-0.8955,2023-01-16
2147,-0.7418,2023-01-17
2148,-1.4274,2023-01-18
2149,-1.6096,2023-01-19
2150,-1.739,2023-01-20
2151,-1.4667,2023-01-21
2152,-1.4515,2023-01-22
2153,-0.4327,2023-01-23
2154,-1.0014,2023-01-24
2155,-0.7358,2023-01-25
2156,-2.383,2023-01-26
2157,-1.4829,2023-01-27
2158,-2.2273,2023-01-28
2159,-1.0076,2023-01-29
2160,-0.7482,2023-01-30
2161,-0.9029,2023-01-31
2162,-1.0876,2023-02-01
2163,-0.8869,2023-02-02
2164,-1.2962,2023-02-03
2165,-0.3454,2023-02-04
2166,-0.7788,2023-02-05
2167,-1.1256,2023-02-06
2168,-1.3895,2023-02-07
2169,-1.5881,2023-02-08
2170,-1.1372,2023-02-09
2171,-1.3575,2023-02-10
2172,-1.0389,2023-02-11
2173,-0.665,2023-02-12
2174,0.1657,2023-02-13
2175,-0.7397,2023-02-14
2176,-0.3709,2023-02-15
2177,-1.0908,2023-02-16
2178,-1.4748,2023-02-17
2179,-1.3614,2023-02-18
2180,-0.8401,2023-02-19
2181,-0.5168,2023-02-20
2182,0.1553,2023-02-21
2183,0.1652,2023-02-22
2184,-3.4348,2023-02-23
2185,-0.964,2023-02-24
2186,-1.137,2023-02-25
2187,-2.7418,2023-02-26
2188,0.0282,2023-02-27
2189,-1.023,2023-02-28
2190,-0.206,2023-03-01
2191,-0.597,2023-03-02
2192,-0.5268,2023-03-03
2193,-0.3462,2023-03-04
2194,-1.9008,2023-03-05
2195,-0.4599,2023-03-06
2196,-0.11,2023-03-07
2197,-0.0062,2023-03-08
2198,-1.7325,2023-03-09
2199,-1.6498,2023-03-10
2200,-1.7565,2023-03-11
2201,-1.6663,2023-03-12
2202,-1.1481,2023-03-13
2203,-1.5031,2023-03-14
2204,-1.2411,2023-03-15
2205,-1.1522,2023-03-16
2206,-1.3083,2023-03-17
2207,-1.2949,2023-03-18
2208,-2.198,2023-03-19
2209,-2.5069,2023-03-20
2210,-0.8813,2023-03-21
2211,0.4763,2023-03-22
2212,-0.2952,2023-03-23
2213,-0.2952,2023-03-24
2214,0.292,2023-03-25
2215,0.5653,2023-03-26
2216,-0.1615,2023-03-27
2217,-2.223,2023-03-28
2218,-0.5354,2023-03-29
2219,-0.7233,2023-03-30
2220,-0.8243,2023-03-31
2221,0.4426,2023-04-01
2222,0.3675,2023-04-02
2223,0.3153,2023-04-03
2224,0.2094,2023-04-04
2225,-0.4023,2023-04-05
2226,-0.7227,2023-04-06
2227,0.0189,2023-04-07
2228,0.6142,2023-04-08
2229,0.6537,2023-04-09
2230,0.5703,2023-04-10
2231,0.2497,2023-04-11
2232,0.1939,2023-04-12
2233,-0.6337,2023-04-13
2234,-0.1847,2023-04-14
2235,0.6787,2023-04-15
2236,0.6078,2023-04-16
2237,0.483,2023-04-17
2238,0.2751,2023-04-18
2239,0.5019,2023-04-19
2240,0.4306,2023-04-20
2241,0.314,2023-04-21
2242,0.3839,2023-04-22
2243,0.8439,2023-04-23
2244,0.5841,2023-04-24
2245,0.3278,2023-04-25
2246,0.2653,2023-04-26
2247,0.2216,2023-04-27
2248,-0.7848,2023-04-28
2249,0.6262,2023-04-29
2250,0.7143,2023-04-30
2251,0.6016,2023-05-01
2252,-0.2755,2023-05-02
2253,-0.2436,2023-05-03
2254,0.2197,2023-05-04
2255,-0.2501,2023-05-05
2256,0.4735,2023-05-06
2257,0.5712,2023-05-07
2258,-0.2357,2023-05-08
2259,-0.9254,2023-05-09
2260,-0.462,2023-05-10
2261,0.1385,2023-05-11
2262,0.0258,2023-05-12
2263,0.8542,2023-05-13
2264,0.839,2023-05-14
2265,-0.0066,2023-05-15
2266,0.2427,2023-05-16
2267,0.5644,2023-05-17
2268,0.0266,2023-05-18
2269,-0.0323,2023-05-19
2270,0.837,2023-05-20
2271,0.6349,2023-05-21
2272,0.1231,2023-05-22
2273,0.3668,2023-05-23
2274,0.3572,2023-05-24
2275,0.3237,2023-05-25
2276,0.6194,2023-05-26
2277,0.9483,2023-05-27
2278,0.8146,2023-05-28
2279,0.6331,2023-05-29
2280,-0.11,2023-05-30
2281,0.6467,2023-05-31
2282,0.7034,2023-06-01
2283,0.6218,2023-06-02
2284,0.9066,2023-06-03
2285,0.4838,2023-06-04
2286,-0.7855,2023-06-05
2287,-0.9484,2023-06-06
2288,-0.4895,2023-06-07
2289,0.0233,2023-06-08
2290,-0.1993,2023-06-09
2291,-0.4474,2023-06-10
2292,0.5,2023-06-11
2293,0.059,2023-06-12
2294,0.2581,2023-06-13
2295,0.0709,2023-06-14
2296,-0.1175,2023-06-15
2297,-0.1279,2023-06-16
2298,0.1954,2023-06-17
2299,0.3245,2023-06-18
2300,0.535,2023-06-19
2301,-0.4711,2023-06-20
2302,0.2113,2023-06-21
2303,0.2652,2023-06-22
2304,-0.0346,2023-06-23
2305,0.7514,2023-06-24
2306,0.6484,2023-06-25
2307,0.5142,2023-06-26
2308,0.2769,2023-06-27
2309,0.4108,2023-06-28
2310,0.5295,2023-06-29
2311,0.8973,2023-06-30
2312,0.9045,2023-07-01
2313,0.9674,2023-07-02
2314,0.6326,2023-07-03
2315,0.741,2023-07-04
2316,0.2936,2023-07-05
2317,0.5318,2023-07-06
2318,0.4127,2023-07-07
2319,0.9605,2023-07-08
2320,0.771,2023-07-09
2321,0.4324,2023-07-10
2322,0.4718,2023-07-11
2323,0.3023,2023-07-12
2324,-0.5041,2023-07-13
2325,-0.1951,2023-07-14
2326,0.7144,2023-07-15
2327,0.6685,2023-07-16
2328,-0.1021,2023-07-17
2329,0.3954,2023-07-18
2330,0.5424,2023-07-19
2331,0.7266,2023-07-20
2332,0.2205,2023-07-21
2333,0.4935,2023-07-22
2334,0.8243,2023-07-23
2335,0.4436,2023-07-24
2336,0.703,2023-07-25
2337,-0.9593,2023-07-26
2338,-1.0969,2023-07-27
2339,-0.2137,2023-07-28
2340,0.5841,2023-07-29
2341,0.7588,2023-07-30
2342,-0.1787,2023-07-31
2343,0.0545,2023-08-01
2344,-0.7486,2023-08-02
2345,-0.0491,2023-08-03
2346,0.077,2023-08-04
2347,0.638,2023-08-05
2348,0.7755,2023-08-06
2349,0.1392,2023-08-07
2350,-0.4315,2023-08-08
2351,-0.3104,2023-08-09
2352,0.8327,2023-08-10
2353,-1.8084,2023-08-11
2354,-0.881,2023-08-12
2355,0.4694,2023-08-13
2356,-0.7647,2023-08-14
2357,0.0609,2023-08-15
2358,0.6335,2023-08-16
2359,0.3316,2023-08-17
2360,-0.1127,2023-08-18
2361,0.6692,2023-08-19
2362,0.9574,2023-08-20
2363,0.3737,2023-08-21
2364,-0.0759,2023-08-22
2365,-0.0009,2023-08-23
2366,0.2491,2023-08-24
2367,0.1562,2023-08-25
2368,0.536,2023-08-26
2369,0.8742,2023-08-27
2370,0.1972,2023-08-28
2371,0.1414,2023-08-29
2372,-1.302,2023-08-30
2373,-0.5181,2023-08-31
2374,-0.4628,2023-09-01
2375,0.8061,2023-09-02
2376,0.7338,2023-09-03
2377,-0.1147,2023-09-04
2378,0.3557,2023-09-05
2379,-0.0723,2023-09-06
2380,-0.279,2023-09-07
2381,-0.6536,2023-09-08
2382,0.2208,2023-09-09
2383,0.7656,2023-09-10
2384,-0.2726,2023-09-11
2385,-0.5264,2023-09-12
2386,-0.2139,2023-09-13
2387,-0.0391,2023-09-14
2388,-0.2091,2023-09-15
2389,-0.6939,2023-09-16
2390,0.241,2023-09-17
2391,-0.1023,2023-09-18
2392,-1.1563,2023-09-19
2393,-0.4229,2023-09-20
2394,-0.398,2023-09-21
2395,0.1632,2023-09-22
2396,0.5606,2023-09-23
2397,0.561,2023-09-24
2398,0.1011,2023-09-25
2399,-0.1029,2023-09-26
2400,-0.4511,2023-09-27
2401,0.4019,2023-09-28
2402,0.1658,2023-09-29
2403,0.2426,2023-09-30
2404,0.2838,2023-10-01
2405,-1.0895,2023-10-02
2406,-1.6027,2023-10-03
2407,-1.2023,2023-10-04
2408,-0.9538,2023-10-05
2409,-0.1445,2023-10-06
2410,-0.1846,2023-10-07
2411,0.0469,2023-10-08
2412,-0.1395,2023-10-09
2413,-0.7659,2023-10-10
2414,-1.5417,2023-10-11
2415,-0.4918,2023-10-12
2416,0.1497,2023-10-13
2417,0.3527,2023-10-14
2418,0.1708,2023-10-15
2419,0.1497,2023-10-16
2420,0.0792,2023-10-17
2421,-0.1812,2023-10-18
2422,-0.6358,2023-10-19
2423,-0.082,2023-10-20
2424,-1.0247,2023-10-21
2425,0.6058,2023-10-22
2426,-0.7746,2023-10-23
2427,0.1208,2023-10-24
2428,0.2564,2023-10-25
2429,-0.8875,2023-10-26
2430,-1.0211,2023-10-27
2431,0.2722,2023-10-28
2432,0.8616,2023-10-29
2433,0.4939,2023-10-30
2434,0.1776,2023-10-31
2435,-0.3317,2023-11-01
2436,-0.8907,2023-11-02
2437,-4.3111,2023-11-03
2438,-0.7564,2023-11-04
2439,0.1078,2023-11-05
2440,0.3658,2023-11-06
2441,0.4528,2023-11-07
2442,0.1901,2023-11-08
2443,0.38,2023-11-09
2444,-0.367,2023-11-10
2445,-1.3026,2023-11-11
2446,0.2855,2023-11-12
2447,0.2988,2023-11-13
2448,0.2153,2023-11-14
2449,0.1589,2023-11-15
2450,0.1034,2023-11-16
2451,0.0983,2023-11-17
2452,0.2452,2023-11-18
2453,-0.2235,2023-11-19
2454,0.5961,2023-11-20
2455,-1.7532,2023-11-21
2456,-1.4455,2023-11-22
2457,-0.2671,2023-11-23
2458,-0.5959,2023-11-24
2459,-0.2926,2023-11-25
2460,-0.3004,2023-11-26
2461,-0.1801,2023-11-27
2462,0.1895,2023-11-28
2463,-0.18,2023-11-29
